<?xml version="1.0" encoding="UTF-8"?>
<project-private xmlns="http://www.netbeans.org/ns/project-private/1">
    <editor-bookmarks xmlns="http://www.netbeans.org/ns/editor-bookmarks/2" lastBookmarkId="0"/>
    <open-files xmlns="http://www.netbeans.org/ns/projectui-open-files/2">
        <group>
            <file>file:/C:/Users/Acer/OneDrive/Documentos/NetBeansProjects/EGRESSO(%20ICONES%20COLORIDOS)/src/telas/TAluno.java</file>
            <file>file:/C:/Users/Acer/OneDrive/Documentos/NetBeansProjects/EGRESSO(%20ICONES%20COLORIDOS)/src/telas/TCaixa.java</file>
            <file>file:/C:/Users/Acer/OneDrive/Documentos/NetBeansProjects/EGRESSO(%20ICONES%20COLORIDOS)/src/telas/TCurso.java</file>
            <file>file:/C:/Users/Acer/OneDrive/Documentos/NetBeansProjects/EGRESSO(%20ICONES%20COLORIDOS)/src/telas/TInstituicao.java</file>
            <file>file:/C:/Users/Acer/OneDrive/Documentos/NetBeansProjects/EGRESSO(%20ICONES%20COLORIDOS)/src/telas/TLocal.java</file>
            <file>file:/C:/Users/Acer/OneDrive/Documentos/NetBeansProjects/EGRESSO(%20ICONES%20COLORIDOS)/src/telas/TTurma.java</file>
            <file>file:/C:/Users/Acer/OneDrive/Documentos/NetBeansProjects/EGRESSO(%20ICONES%20COLORIDOS)/src/telas/TUsuario.java</file>
        </group>
    </open-files>
</project-private>
