<?xml version="1.0" encoding="UTF-8"?>
<project-private xmlns="http://www.netbeans.org/ns/project-private/1">
    <editor-bookmarks xmlns="http://www.netbeans.org/ns/editor-bookmarks/2" lastBookmarkId="0"/>
    <open-files xmlns="http://www.netbeans.org/ns/projectui-open-files/2">
        <group>
            <file>file:/C:/Users/Acer/OneDrive/Documentos/NetBeansProjects/padroes/src/padraotela/Rotulo.java</file>
            <file>file:/C:/Users/Acer/OneDrive/Documentos/NetBeansProjects/padroes/src/padraotela/Campo.java</file>
            <file>file:/C:/Users/Acer/OneDrive/Documentos/NetBeansProjects/padroes/src/padraotela/BSalvar.java</file>
            <file>file:/C:/Users/Acer/OneDrive/Documentos/NetBeansProjects/padroes/src/padraotela/BConsultar.java</file>
            <file>file:/C:/Users/Acer/OneDrive/Documentos/NetBeansProjects/padroes/src/padraotela/BExcluir.java</file>
            <file>file:/C:/Users/Acer/OneDrive/Documentos/NetBeansProjects/padroes/src/padraotela/BLimpar.java</file>
            <file>file:/C:/Users/Acer/OneDrive/Documentos/NetBeansProjects/padroes/src/padraotela/BSair.java</file>
            <file>file:/C:/Users/Acer/OneDrive/Documentos/NetBeansProjects/padroes/src/padraotela/Sexo.java</file>
        </group>
    </open-files>
</project-private>
